spname,spindex,totalarea,reservedarea,excludedarea,targetarea,totalocc,reservedocc,excludedocc,targetocc
6,0,22.251,0,0,5.56274,731,0,0,0
5,1,15623.6,0,0,3905.91,731,0,0,0
4,2,2.24661,0,0,0.561653,731,0,0,0
3,3,4295.17,0,0,1073.79,731,0,0,0
2,4,7.45912,0,0,1.86478,731,0,0,0
1,5,12686.9,0,0,3171.72,731,0,0,0
